{
  "collapse-filter": false,
  "search": "",
  "showTags": false,
  "showAttachments": false,
  "hideUnresolved": true,
  "showOrphans": true,
  "collapse-color-groups": true,
  "colorGroups": [
    {
      "query": "tag: contact/family",
      "color": {
        "a": 1,
        "rgb": 13527028
      }
    },
    {
      "query": "tag: contact",
      "color": {
        "a": 1,
        "rgb": 4636637
      }
    }
  ],
  "collapse-display": false,
  "showArrow": true,
  "textFadeMultiplier": -0.9,
  "nodeSizeMultiplier": 1.0732421875,
  "lineSizeMultiplier": 1.1427734375,
  "collapse-forces": true,
  "centerStrength": 0.629743303571429,
  "repelStrength": 17.9862882653061,
  "linkStrength": 1,
  "linkDistance": 223,
  "scale": 0.5190455696120848,
  "close": true
}