{
  "insert-template": [],
  "editor:swap-line-down": [
    {
      "modifiers": [
        "Alt"
      ],
      "key": "ArrowDown"
    }
  ],
  "editor:swap-line-up": [
    {
      "modifiers": [
        "Alt"
      ],
      "key": "ArrowUp"
    }
  ],
  "editor:fold-all": [
    {
      "modifiers": [
        "Mod",
        "Shift"
      ],
      "key": "ArrowLeft"
    }
  ],
  "editor:unfold-all": [
    {
      "modifiers": [
        "Mod",
        "Shift"
      ],
      "key": "ArrowRight"
    }
  ],
  "file-explorer:new-file": [],
  "switcher:open": [
    {
      "modifiers": [
        "Mod"
      ],
      "key": "N"
    },
    {
      "modifiers": [
        "Mod"
      ],
      "key": "O"
    }
  ],
  "open-with-default-app:show": [
    {
      "modifiers": [
        "Mod"
      ],
      "key": "R"
    }
  ],
  "insert-current-date": [],
  "calendar:reveal-active-note": [],
  "calendar:show-calendar-view": [
    {
      "modifiers": [],
      "key": "F4"
    }
  ],
  "insert-current-time": [],
  "app:toggle-right-sidebar": [
    {
      "modifiers": [
        "Ctrl",
        "Shift"
      ],
      "key": "ArrowRight"
    }
  ],
  "editor:attach-file": [
    {
      "modifiers": [
        "Ctrl",
        "Shift"
      ],
      "key": "A"
    }
  ],
  "daily-notes": [
    {
      "modifiers": [
        "Ctrl",
        "Shift"
      ],
      "key": "C"
    }
  ],
  "app:toggle-left-sidebar": [
    {
      "modifiers": [
        "Ctrl",
        "Shift"
      ],
      "key": "ArrowLeft"
    }
  ],
  "daily-notes:goto-next": [],
  "obsidian-tasks-plugin:edit-task": [
    {
      "modifiers": [
        "Alt"
      ],
      "key": "T"
    }
  ],
  "nldates-obsidian:nlp-picker": [
    {
      "modifiers": [
        "Alt"
      ],
      "key": "C"
    }
  ],
  "templater-obsidian:templates/datetime template.md": [
    {
      "modifiers": [
        "Alt"
      ],
      "key": "D"
    }
  ],
  "templater-obsidian:insert-templater": [
    {
      "modifiers": [
        "Mod"
      ],
      "key": "T"
    }
  ],
  "templater-obsidian:templates/datetime.md": [
    {
      "modifiers": [
        "Alt"
      ],
      "key": "D"
    }
  ],
  "templater-obsidian:templates/snippets/x_datetime.md": [
    {
      "modifiers": [
        "Alt"
      ],
      "key": "D"
    }
  ],
  "obsidian-footnotes:insert-footnote": [
    {
      "modifiers": [
        "Alt"
      ],
      "key": "F"
    }
  ],
  "templater-obsidian:templates/snippets/x_datetime - 📅 2022-11-20@09h11.md": [
    {
      "modifiers": [
        "Alt"
      ],
      "key": "D"
    }
  ],
  "templater-obsidian:replace-in-file-templater": [],
  "templater-obsidian:templates/snippets/xdate.date - 📅 2022-11-20@09h11.md": [
    {
      "modifiers": [
        "Alt",
        "Shift"
      ],
      "key": "D"
    }
  ],
  "templater-obsidian:templates/snippets/xdate.date - YYYY ⁄ MM ⁄ DD.md": [
    {
      "modifiers": [
        "Alt"
      ],
      "key": "D"
    }
  ],
  "templater-obsidian:templates/snippets/xdate.datetag - YYYY ⁄ MM ⁄ DD.md": [
    {
      "modifiers": [
        "Alt"
      ],
      "key": "T"
    }
  ],
  "templater-obsidian:templates/snippets/xdate.date - YYYY-MM-DD.md": [
    {
      "modifiers": [
        "Alt"
      ],
      "key": "D"
    }
  ],
  "templater-obsidian:templates/utils/date/insert current date.md": [
    {
      "modifiers": [
        "Alt"
      ],
      "key": "D"
    }
  ],
  "templater-obsidian:templates/utils/date - insert current date.md": [
    {
      "modifiers": [
        "Alt"
      ],
      "key": "D"
    }
  ],
  "app:go-back": [
    {
      "modifiers": [
        "Mod"
      ],
      "key": "ArrowLeft"
    }
  ],
  "app:go-forward": [
    {
      "modifiers": [
        "Mod"
      ],
      "key": "ArrowRight"
    }
  ],
  "file-explorer:move-file": [
    {
      "modifiers": [
        "Ctrl"
      ],
      "key": "M"
    }
  ],
  "webian:run": [
    {
      "modifiers": [
        "Ctrl"
      ],
      "key": "E"
    }
  ],
  "obsidian-shellcommands:shell-command-3v6ort14ko": [],
  "publish-kit:run": [
    {
      "modifiers": [
        "Ctrl"
      ],
      "key": "E"
    }
  ],
  "app:reload": [
    {
      "modifiers": [
        "Mod",
        "Shift"
      ],
      "key": "R"
    }
  ],
  "publishkit:exportCurrentNote": [
    {
      "modifiers": [
        "Mod",
        "Shift"
      ],
      "key": "E"
    }
  ]
}