{
  "workspaces": {
    "moc dev": {
      "main": {
        "id": "de1589ba9f87ee6c",
        "type": "split",
        "children": [
          {
            "id": "2551104941cb12a7",
            "type": "leaf",
            "dimension": 56.65362035225049,
            "state": {
              "type": "markdown",
              "state": {
                "file": "templates/mocs/Document 📁.md",
                "mode": "source",
                "source": false
              }
            }
          },
          {
            "id": "211f1f3c1bec8c08",
            "type": "leaf",
            "dimension": 43.34637964774951,
            "state": {
              "type": "markdown",
              "state": {
                "file": "Documents 📁.md",
                "mode": "source",
                "source": false
              }
            }
          }
        ],
        "direction": "vertical"
      },
      "left": {
        "id": "56f2b99fd68a2514",
        "type": "split",
        "children": [
          {
            "id": "1cd190be3b267d11",
            "type": "tabs",
            "dimension": 74.45721583652617,
            "children": [
              {
                "id": "bbe1a41abefbbe80",
                "type": "leaf",
                "state": {
                  "type": "file-explorer",
                  "state": {}
                }
              },
              {
                "id": "1ceb5c14a1443720",
                "type": "leaf",
                "state": {
                  "type": "search",
                  "state": {
                    "query": "promp",
                    "matchingCase": true,
                    "explainSearch": false,
                    "collapseAll": true,
                    "extraContext": false,
                    "sortOrder": "alphabetical"
                  }
                }
              },
              {
                "id": "decbeda14c25f1bd",
                "type": "leaf",
                "state": {
                  "type": "recent-files",
                  "state": {}
                }
              }
            ],
            "currentTab": 1
          },
          {
            "id": "0e7a3f308ebc7215",
            "type": "tabs",
            "dimension": 25.542784163473822,
            "children": [
              {
                "id": "60ae4dd9dbd43c1b",
                "type": "leaf",
                "state": {
                  "type": "starred",
                  "state": {}
                }
              }
            ]
          }
        ],
        "direction": "horizontal",
        "width": 231,
        "collapsed": true
      },
      "right": {
        "id": "fa227c7306409e3a",
        "type": "split",
        "children": [
          {
            "id": "a86b6258b4b397a1",
            "type": "tabs",
            "dimension": 52.55754475703325,
            "children": [
              {
                "id": "508c7c7256b1b855",
                "type": "leaf",
                "state": {
                  "type": "backlink",
                  "state": {
                    "file": "Documents 📁.md",
                    "collapseAll": false,
                    "extraContext": false,
                    "sortOrder": "alphabetical",
                    "showSearch": false,
                    "searchQuery": "",
                    "backlinkCollapsed": false,
                    "unlinkedCollapsed": true
                  }
                }
              },
              {
                "id": "712eceb8375a9cf1",
                "type": "leaf",
                "state": {
                  "type": "outgoing-link",
                  "state": {
                    "file": "Documents 📁.md",
                    "linksCollapsed": false,
                    "unlinkedCollapsed": true
                  }
                }
              },
              {
                "id": "6f24dc6e4dfdbfa3",
                "type": "leaf",
                "state": {
                  "type": "tag",
                  "state": {
                    "sortOrder": "alphabetical",
                    "useHierarchy": true
                  }
                }
              },
              {
                "id": "222262482db7bd05",
                "type": "leaf",
                "state": {
                  "type": "outline",
                  "state": {
                    "file": "Documents 📁.md"
                  }
                }
              },
              {
                "id": "86e88161d61aa0a5",
                "type": "leaf",
                "state": {
                  "type": "advanced-tables-toolbar",
                  "state": {}
                }
              }
            ],
            "currentTab": 4
          },
          {
            "id": "0bfd0fbe6101be1e",
            "type": "tabs",
            "dimension": 47.44245524296675,
            "children": [
              {
                "id": "640db7dfc67bae36",
                "type": "leaf",
                "state": {
                  "type": "calendar",
                  "state": {}
                }
              }
            ]
          }
        ],
        "direction": "horizontal",
        "width": 300,
        "collapsed": true
      },
      "active": "211f1f3c1bec8c08"
    }
  },
  "active": "moc dev"
}