{
  "main": {
    "id": "de1589ba9f87ee6c",
    "type": "split",
    "children": [
      {
        "id": "a2b0e9fd5228b69f",
        "type": "tabs",
        "children": [
          {
            "id": "9acf291bb50b0d26",
            "type": "leaf",
            "state": {
              "type": "markdown",
              "state": {
                "file": "index.md",
                "mode": "source",
                "backlinks": false,
                "source": false
              }
            }
          },
          {
            "id": "23b8b5bbfa641702",
            "type": "leaf",
            "state": {
              "type": "markdown",
              "state": {
                "file": "test/test.md",
                "mode": "preview",
                "backlinks": false,
                "source": false
              }
            }
          }
        ]
      }
    ],
    "direction": "vertical"
  },
  "left": {
    "id": "56f2b99fd68a2514",
    "type": "split",
    "children": [
      {
        "id": "1cd190be3b267d11",
        "type": "tabs",
        "dimension": 74.45721583652617,
        "children": [
          {
            "id": "bbe1a41abefbbe80",
            "type": "leaf",
            "state": {
              "type": "file-explorer",
              "state": {
                "sortOrder": "alphabetical"
              }
            }
          },
          {
            "id": "1ceb5c14a1443720",
            "type": "leaf",
            "state": {
              "type": "search",
              "state": {
                "query": "promp",
                "matchingCase": false,
                "explainSearch": false,
                "collapseAll": true,
                "extraContext": false,
                "sortOrder": "alphabetical"
              }
            }
          },
          {
            "id": "decbeda14c25f1bd",
            "type": "leaf",
            "state": {
              "type": "recent-files",
              "state": {}
            }
          }
        ]
      },
      {
        "id": "0e7a3f308ebc7215",
        "type": "tabs",
        "dimension": 25.542784163473822,
        "children": [
          {
            "id": "60ae4dd9dbd43c1b",
            "type": "leaf",
            "state": {
              "type": "starred",
              "state": {}
            }
          }
        ]
      }
    ],
    "direction": "horizontal",
    "width": 231
  },
  "right": {
    "id": "fa227c7306409e3a",
    "type": "split",
    "children": [
      {
        "id": "a86b6258b4b397a1",
        "type": "tabs",
        "dimension": 52.55754475703325,
        "children": [
          {
            "id": "508c7c7256b1b855",
            "type": "leaf",
            "state": {
              "type": "backlink",
              "state": {
                "file": "index.md",
                "collapseAll": false,
                "extraContext": false,
                "sortOrder": "alphabetical",
                "showSearch": false,
                "searchQuery": "",
                "backlinkCollapsed": false,
                "unlinkedCollapsed": true
              }
            }
          },
          {
            "id": "712eceb8375a9cf1",
            "type": "leaf",
            "state": {
              "type": "outgoing-link",
              "state": {
                "file": "index.md",
                "linksCollapsed": false,
                "unlinkedCollapsed": true
              }
            }
          },
          {
            "id": "6f24dc6e4dfdbfa3",
            "type": "leaf",
            "state": {
              "type": "tag",
              "state": {
                "sortOrder": "alphabetical",
                "useHierarchy": true
              }
            }
          },
          {
            "id": "222262482db7bd05",
            "type": "leaf",
            "state": {
              "type": "outline",
              "state": {
                "file": "index.md"
              }
            }
          },
          {
            "id": "86e88161d61aa0a5",
            "type": "leaf",
            "state": {
              "type": "advanced-tables-toolbar",
              "state": {}
            }
          }
        ],
        "currentTab": 4
      },
      {
        "id": "0bfd0fbe6101be1e",
        "type": "tabs",
        "dimension": 47.44245524296675,
        "children": [
          {
            "id": "640db7dfc67bae36",
            "type": "leaf",
            "state": {
              "type": "calendar",
              "state": {}
            }
          }
        ]
      }
    ],
    "direction": "horizontal",
    "width": 300,
    "collapsed": true
  },
  "left-ribbon": {
    "hiddenItems": {
      "publishkit:Reload Obsidian": false,
      "publishkit:PublishKit": false,
      "templater-obsidian:Templater": false,
      "switcher:Open quick switcher": false,
      "graph:Open graph view": false,
      "canvas:Create new canvas": false,
      "daily-notes:Open today's daily note": false,
      "command-palette:Open command palette": false,
      "workspaces:Manage workspace layouts": false
    }
  },
  "active": "9acf291bb50b0d26",
  "lastOpenFiles": [
    "features.md",
    "Untitled.md",
    "jinn xing ping.md",
    "test/test.md",
    "contact.md",
    "index.md",
    "indexSoon.md",
    "pkrc.md",
    "navbar.md",
    "notes/pricing.md"
  ]
}